{
    "caption": "there is a toy car with a little boy in it on a table",
    "mask": [
        {
            "value": 0,
            "label": "background"
        },
        {
            "value": 1,
            "label": "rc _ car",
            "logit": 0.45,
            "box": [
                240.40103149414062,
                370.0317687988281,
                562.1939697265625,
                717.58837890625
            ]
        },
        {
            "value": 2,
            "label": "rc _ car",
            "logit": 0.33,
            "box": [
                0.7105255126953125,
                61.830833435058594,
                305.52130126953125,
                273.8904724121094
            ]
        },
        {
            "value": 3,
            "label": "rc _ car",
            "logit": 0.28,
            "box": [
                688.2879638671875,
                176.64959716796875,
                798.5715942382812,
                251.63272094726562
            ]
        }
    ]
}